Concept,Image Link
House sparrow (https://en.wikipedia.org/wiki/House_sparrow),https://upload.wikimedia.org/wikipedia/commons/9/99/House_Sparrow_Passer_domesticus_Female_by_Dr._Raju_Kasambe_DSCN0393.jpg
Indian roller (https://en.wikipedia.org/wiki/Indian_roller),https://upload.wikimedia.org/wikipedia/commons/9/91/Indian_Roller_%28Nelkantha%29.jpg
Indian peafowl (https://en.wikipedia.org/wiki/Indian_peafowl),https://encrypted-tbn0.gstatic.com/images?q=tbn:ANd9GcTvHSkvoyOvg01PjeJC2BTJ30csQRXoLLRAQw&usqp=CAU
Common myna (https://en.wikipedia.org/wiki/Common_myna),https://encrypted-tbn0.gstatic.com/images?q=tbn:ANd9GcSVyv9cPceDLrvENfZPvnO1LUeil4h1ZUxhXg&usqp=CAU
Rose-ringed parakeet (https://en.wikipedia.org/wiki/Rose-ringed_parakeet),https://upload.wikimedia.org/wikipedia/commons/9/9a/Rose-ringed_Parakeet_Psittacula_krameri_by_Dr_Raju_Kasambe_DSCN0760_%282%29_07.jpg
Bengal tiger (https://en.wikipedia.org/wiki/Bengal_tiger),https://encrypted-tbn0.gstatic.com/images?q=tbn:ANd9GcQ4o_BdTOY9qTDqaHITZ-EqBNKL8HTB0cQ2Dg&usqp=CAU
Asiatic lion (https://en.wikipedia.org/wiki/Asiatic_lion),https://upload.wikimedia.org/wikipedia/commons/c/c1/Asiatic_Lion_1d.jpg
Kashmir gray langur (https://en.wikipedia.org/wiki/Kashmir_gray_langur),https://upload.wikimedia.org/wikipedia/commons/6/66/Langoor_with_its_BEAUTIFUL_BABY.png
Asian elephant (https://en.wikipedia.org/wiki/Asian_elephant),https://encrypted-tbn0.gstatic.com/images?q=tbn:ANd9GcSk2jPbpVEWZlegi-VpRonNPtKnEnE5DNyI_g&usqp=CAU
Sambar deer (https://en.wikipedia.org/wiki/Sambar_deer),https://s3.animalia.bio/animals/photos/full/original/rusa-unicolorjpg.webp
Biryani (https://en.wikipedia.org/wiki/Biryani),"data:image/jpeg;base64,/9j/4AAQSkZJRgABAQAAAQABAAD/2wCEAAoHCBQUFBcVFRQYGBcYGhodGxobGxsgHR0bGxodGhsaGxgdICwkGyIpHhoXJjYlKS4wMzMzGyI5PjkyPSwyMzABCwsLEA4QHRISHjIpIikyMjQzNDIwMjIyPjUyMjIwMjAwMjIyMjI0MjAyMjI0MjIyNDIyMjA0MjIyMjIyMjIyMv/AABEIAMIBAwMBIgACEQEDEQH/xAAcAAABBQEBAQAAAAAAAAAAAAAEAAIDBQYBBwj/xABBEAACAQIEAwUGBAQFBAIDAQABAhEAAwQSITEFQVEGImFxgRMykaHB8EJSsdEHI2LhFHKCkvEVM0NTosKy0uI0/8QAGgEAAwEBAQEAAAAAAAAAAAAAAQIDAAQFBv/EAC4RAAICAgEDAgUDBAMAAAAAAAABAhEDITESQVEEIhNhcYGhFDLhkbHw8QVCwf/aAAwDAQACEQMRAD8A8rvNsRuPsipFxQoc3lpls79ORikOiw4XweVNe7GgqC3bcnRR+nyqW3Zc8h8aIBOJEyaYqE86IFhpgsB5A/vXHwQG7N56ftQCQiADzOw86tEwhACrBEanx51Ba4WpIMsfXWrZVywBWMADBspJkGRt4+tA37pXcZT4/OrfEbb6+H7VBfsM4jQDxiT+1APACuLQjeCPPWpDig2sHKo6c+tT28KBuP8AaDSOEzd0T5UTWRSW2HxIrhtnoPj/AGoq3w24BHPx0pzYK4PPnof2rUa2CLc5QPnTmMH9hUv/AE5wdxM9KPw/ZzEXBK23P+k0UrFbKjEAkESYO4qENyYmNtzWrt9hsa40t5f8zKPrReH/AIdYv8T2h6sf0FP0SfYTriu5i0trrEEelMUxsoNb0/wxunX29tT1AapF/hrdA1v2z45WrfDfg3xI+TzfEGQSVqxdgVUAkSutbS7/AA2vER7S2f8AcPpUD9gL6DRc+nJ1+sUHCXgKyRfcxjLOgrtqFuITGh1+ECtHi+zN62yqLNwSQCxEgddQI2qXE8KsKcuUsQNZJml6WuR+pPSK++8sG6aVDioYSatRhbcDu6eZNRPg0Ywix1mYrMVKjMXbZB01pyAgERqflWmvcPtqYMAx96UIcOCe4mn5mjXyFCh7M/dwpAmKguW2PKtOMGWPOfv4UzGcLOWVgMNZB36iaBrM0uHf8pipUwzn8Jq5tYoqQjrBOx607D3O+y9SKw1mf/wVz8hrtarJSrWLRknIFSWyBUL9a7biiYOV4piXdfWohXDcjasKFXXnUGrLhFn2gl9F8efr0pnC+Hm4JaAOh5/2rRrw64F0XTzA+EmsxkvJEMKp5CBtUyYS3HujzotMMculs6bSQPrQyvm5fStpApvgiOHQagD4VDmEkRqdvCjxak6zHhyq74d2ee4AVTKp3ZpHwG5pkm+BW0lszeGw7d4swgaztFEcP4c7km3bZydNth67TW9wfZawg749odNG92R/Tz9au0thRCgAdAIFWWLySeZLgw+F7J321d1tg8gMzfLT51bYXsjYWC5e4f6jA+CxWjNIxTqEUTeWTA8Nw21b9y2i+IUT8d6Ky1y7iETVjGsetB2OJBmuAqQFK5T+YFdY8iD8RQlmxw02hVjnLdBuWu5ao/8AqbklWy76Hy1+M0Hf4/f/AO3bthrmYe8QBEzl8yOfyrlj/wAliculP8HQ/RZErNRlpZaobHaBrltWW3BjvSZAaPATAM+Ndv8AEsQrAqlu4hB7uqtv7w3B05GPOqfrsN1f4JP02TwXuWllquwHGbdxc2V0IbKVZdQQYO0iPGrJWBEjarxzQnqLTJvHKPKG5aExXDrVwfzLat4kCfjvR0VyKcVWjK43sdbbW27Wz03X56isvxXhGLs72gyDZlJI8zAketeoxSK0kscWUjlkudni97Dl5ZmknpUFsFG7xMdR9RXqHGOzNq6CyxbfqPdP+YfUV5xxbC3bLQ9tiv4XQhkYdVaflvUJwcTqhkjJBXtbY1BFNtX7dyQCSw5ERr671VWscxbKLTk+BGnmdhR6W3P/AIgDB1Lj6UiGaXkC4nhlKz+IbedBWm7wJMNGoOmlWd9birJRDzjMT/8AWqtLty8J9kCOmYD4SJpaDoPzr4UqA/wV3lbYf6//AOaVYNmdDTy+VdjwNMIiprWtOJs6ivyU/EUfgMMzkFkgD50Tw7AZ9T7o+f8Aar9HS2okR+3SgFKwe3bddmYeAOnw2pYnG3gQvtGLeYhR1IApt7iTuctpInmenUdB41EMORAALMxEwJLHw/albKRjZOmPvD3rjFdtl/ar/hXBr9+DbchedwhcseHd19Kuuz/Y4ZQ+JG+ot/8A7n6CtpbthQFUAAaAAQAPAVfHjb3I58maK1Eq+E8Bt2QCzG6/5mA+SgQP1q3io3ubjYgAjxnp61R8V4wyn2dsBrn/AMV8/E9KM80MaIRxzyMvDeWYkT0oLF8VS2mYkc9TAE+W55VhcPxjEhie7lbMWLRHdmYg93blUmJcYoWxfUZUuZoBIXQcyRqYnToZrhyesl30dcPSr6lpwPtA2KvXbR7jWoIlgxdW3IEDLykf1Cr43lDBC0lp0JA225ya8+w/C0XFC/au+yIJLJlzbzGXWIKkaHnWlw+JW2uZ7hu3O8Q0AQDsCo00Fc0s6ilVvzsqsLb4/Bb30lAbhAjUEagHbfyJHrUOItadwiOs7jltsaq+GcRW611NmUJ3tY1JMQef71Li7iWCM7iXBypH5RLE/wBMc+sVxzjKc1SdVt3tHQlGMavd8UEoECOcwZwpIt7e7qdTpOv3yAwQsXSbis9uG2ud2HiCJMg6ToDz8apuEcSW8gcPbTEKWZAGYrkzD/uLy2A8dPSq7R8XUuLaXGDWGGomHdzNwkDeG+FdUcCqtWv/AEk5u6dm7fFWlV2LgbSwIKk7aRz8Kkw7K657TAgjQgyR+3lXm+B4oLpBuMTaBZWQmMrbhsx2n61b3uAK6Lct3LqoSGICDOFjSec5o720fGjHFGP7u39QScn+3+DVYTEIxy5wzCR01G586sRfVREkiduXwrHY4BMjoGzXAT3BI9pbAzMemgBjwNXuGc3rNu5E5lBkaHUax11rjm3itxWvPyLOKmlb+v1LkcRIHXeasrV1WAI2O1Z+04gyInYURabIRzI1E8vSur0vrssdy2tfY5s3p4vjTLsisxxjjl3CsTdexbRichdjJAjZR3jsZgGMw6VfYe/nO8QJI/c15z/EbspiL+IOJVrYtC2oZnfKEy5p5HTUbc5r3IZVOPVE894+l0w3tJx21jsHcs4e8vtGAJCt7wUgsuXR4P8AlI61heEXcVhbctb9phnYI9tj3SxJHdP4HETmXqN+Vfw32KPmd8yKRqEXvHoucFgBvmgR02nUP27t2y5tYUpnRQHJOZoLLnI90mIgxyInmNae2GmuAq5hlW2Llkk2SYkqQyHmjqQCD486EXGcgRWe4b2juW8QznNdS73bltiTnQnYDk3Toa1XEOCHDuMqt7O4M6Mw7wmO6w3BEwanKPdF4SvTAMRjQJB0PQ/Q1U8GRtSBoCdSdBR+OsEnKNT5aeYPKoeBHKXU6wdvrUmWXIa1uf8AyH5ftSonKD+ID7867UytGAKg0bwrBBzmuNlQcubeHgPGncI4cbhljlQbnqegrTph7YED5AVVshGLYKmLWYTurooJ/L9KdxVhHvZgI6Ez00O3nVggAGi1LYs5mC5QzMYAyiSTyoIdoquGWXuFUtjNcfpv5DoBXqXZzs0mGAd4e6fxcl8F/egHGG4Th2v3FX2rCAANWaJFtSBoNNTWZftrisbhcTbSx7N8qlTbZsxVngxI100kHntV4xjHcuTmnklLUeD1QEdRQF7iIV4Gojrz+4rx7hHZO+oS5cVlcPbuIGJAKhiXB6MQF3it0gm4wLHOdVkkCRyHLafhXH6v1bi1GPNlPT+mU7cuArjXF7lsQss7baTHKYrNYnij21IOfOyr31TKA08zt+Y+MUTx92a42VyGXQERtvPz+FCYTjlrMqXUJdjrCyBlJI35H615bblLe1b+v+j0FBRha5IeMoq2icwZncNmAHfUgCBBhTOpMcqjucVtpbzF2LDkAuUtAAJ3MwN5FTcbv2rmVEIAuAjOjBjAGoI0CkGNB1obFJat2g122t0KQFAJR9dNV579apSdJk4tp2WGHuI652yWwypPeAIJnae6SJ02mYqN7xVC+eQWhIIMxMk8jGm3M1VYVLTsWRHtAxmR3JVlOkAAliZjTxq04jhi5youttR4Ll0MKBoBGkdd6nOHTUe5aM7drgK4dh3Jm238wwz+M9Bz0EelDcc4v7MgG2HZ/ezEQiLsDOklvwjkK0/BsMbaDKO84bvEjYT3iOS6D4iqO/2etxcu424txc0rBZYgT7M694dANT+nRjxxx05Pb/xHPObnaKfD4oO73Vs5HfQ3C5gqFABVcoGnly3NVVwoS83FzZRJMyRsBA15a+YrV4m2ly1cLWGW0VAt7h9BByg7jnrHrVVb4Az2y4RmyQVGUjMu51GutHr6Xb5ZWMF060Rdmr2GZLiXMOpdAJILMbg1OqtvtsetP4P2pViUt2yHUH2ZOuVNxbuEe8ikwJ1AO875LHO+csEyb7T8Kfghdc3GEqCoV8ggEHQSPGDrV2oyVs53FpnqGB4pYuDuBc6y8KDlDRBYGIBIJ05irfCurWyUERMR1Ou3mTXnfAcc4YWj7g1gGNOQ0rbYNbdtgVOVWAO5JHXzrjzTTfS+CkYUr7lnauCMzc5A23HPpRDyUmIPidh1JoUXQDlA8dYHqBUtq/J092RMgH0qcIxj7bb/AL35NJt7oiW9kZhObblMkdDQvErSYy22GcMgcqYDLMqZUwCdJg69KOvuu2XXeUHdPL0rJ9p0vJbC4VGDXXyO4JlQ3Ofw9JGwmur09qVRZHLTV0ZnifZfAYe9ku8SGQHvIiF7g6qSkqp8x6VsMfhOCYy1ZH+Jt2xbQKkXFRwv5WV9fiJ1PWvI+I4Q2br2yZyGJiAfEA8qGFetGXhHG4vyfQ/Zzs5g8KubDorFv/ISHY+T8h4CBRnHOGjEWmtn3t1PRht8dvWvMv4P37v+IuIpPsvZ5mH4Q+YBSByJGbzjwr141ZU0SdxkeO4m6RoVgrpryI0NVGDtmbmv4jtvWw7Z8PyYgsCQtwZtI32aNPCfWs1kVZys0zJAPPr41xzVOjvxu0mSf4Vup+dKmLw+6df5gnxX96VJ0lOteRlq2F0A06UThkE7GikwqEajbpoaItoinujfYmikBvwQANroDMRNbnsnwX2Y9tcH8xh3R+VTz8z+lVPZzh3tbkt7iQW8T+Fa3Yroxw7nLmydkZL+Jd9EwRd8Ol4B1AzzlQtID6ENzjQj3q8x7G4i+14pZGRCVL5Jyos8iZOY7ATqd5Ar3fEpmRlyq0gwG90nkG8Ko8NgGsgMYLQ3dSAgJPvBQAAYgbaa9TJzNJW+CWK3pA3sQAQWOXMWYzJLM07+ZoLG8PzaiAySUbfK3Jh86srlgHRWIbQkEbgnkeooR+FIQcxY/wCowPTn5Ga+ZfV8Tqa+9ntR6VCk6+xmb+PR7jIGDMsBsu2bb6HnXbeFtllaGZtY2EkDvQTpoOp6UTiOzdtVd/aXEZmBUKBlzDctp3518h0of2eIUJaUo2ZiQOcjQxPu9edVnCtx7oMZdSrwZ3HBizC2jhM2UrpLMW2WDzJFLiLFFtgkwpMoWZgrREFj+KCdJ0reLgrdoQD3zGsmMw5+G/y8Kx/HHDXBbdQFTM38tj7xOpyagzO4g7meVWxTTarlEcvHyZDwzGe0ulEIDhSVYzBYRo3wHSNa9B4VZW5bVbi5HKBmVDp3p5kSDI+VZns5hcPfLEKQoBXL7NlytESbkkHrqJmtjwzDLaTKbhu7RIhsvIEg6xrrTzcXNylX3FtqCjGx7jD2bZtopRLhglRJJaF19Y0obFItu2qswZQAAwUMfaGe+VOkDf0onE2yXGTu24Y3BMk7Rl5dZNV2Ow7Nbe2Hye0y94awAZgdDEifGo580Wul19fAceN8/gCXitpjkW+l05cwBnNKyGYyImJo61acIQGYuot5FB1GkERt0qjw/ZYWby3LbF0ty5XT2kBfdgaNMxNVl7j9y3cvXf8AD3SWUBQ6lFADAzP4jA3FZLrXtdhk0i94twBr9tbhVRd/ENvRupGmvnWMvcCuKxQhhmAlevMSBW44Zx5MQozC6lwasmhAPQNyg9QKkv8ADi1xXJJAZSQNTp1OhjTepvJOMq/kpH9u+DOcI4J7NrbXCVBMLJnM2pUN0G5jwrRYiw5g2+/GjgETy1A+NWd/Dpet91wDoRoD5aHY+PKqBWZEuNibdxQpbLqpGQCZ7rQT4Vsnu9rp/OzQl/2Wmuxb2bxKqN/Ed6DJBH9qmvYpCcqMcxMmRA0PTesjwrEPhgEUi5bBJyjdgwJ35ZWPKtbgrPtFtsy5TBkDUzy7308aVR6H7Xt62LKSk7ZMQWGUToIInnv6eVMbDd0qWk65uoBGkdeVE45joVaDtuBJ6QdDpVLieIi2xDEE6aHcT18KeWSWGerf9hVBTiYHtB2duW1e7cKtJVVfZUtr+NxuXaAoUTuecVQ8J4at1u/ftWU5s7CY/ptglmPwHjXpfaRg+He37Nn9pEKkZokNm10Go3ryzGYVrZ1tun+c5vmFAr1/TZJZI21Rw5I9MqTPZezXF+EYO2LVrFJqZZ2kF26sSAPTYVr8JjLd1c9u4lxT+JGDD4ivmRTWv/hl7b/HJ7IkLDG7HulIMZv9WWP+a7Iy7HPKHc9F7fYbNbtMCAQ5WT0ZSf1UVmsHbt2xpJb8xif7enrWt7e//wCQno6H5159hmZieUanyqeXUjpwq47LU3R1+dKhe7zpVGy3SitsvcuHQmB+Lx6aUVaw9380kbbjXptViUS2oX4en3vR3ZlRexKrHdTvt/p2/wDkR8KKtujOoxtm14DgPY2URvfIzOf6jv8ADb0qyrgrtdqVHmt27Zw1R8SxL5iFECYJ3q+Aqi4qstJEciPCvP8A+QbWPT7nV6RLq2Q2JIHM6fZOwpt6zowz6n4DqDrrUGGvXAYK5EHugHU9ZHKiHTPmGgMSB9PlXz+SXtSS38z04r3bBLbl7iKp7pPeUj5jw0oqxg5zHIEJLAsIkieviafYtrbjIvKSdgDzG+9DI9wnMxIE6ER10nlQjlUYpNPntwNKLfDO3eFsM5zDLAIJBJI/KenmOtYTtFw24t/2iro4hWUGJj5DRdfGt5j8e1tczBo/p1HxrPXOILiFZiwVVZQTrMqQwU8twJ1q+LJFSuCa82JLHJrb0TcJt3baKuQtoJYkannqYmrjDYsL3TBYEDcEieU1TJ2gT2pSCoCzJWB476nlVgmORi1sp7NyCQQm8jR4G+4qWSHvtvY6bUarRa+1GU6bwJ6yflQBnVbcMJ2JEjrJ85qpw2PD5bIuFmLEXHJIAYEgCTqCYGnjVxfRLKISwR3IkwTMHYn1/Wknhm3xpGhOK+4kBtkkJbDtuQBLAfmaNfXajcNdzW8xEIQwIkZfy/Dp51Ccin+ZcWNAFUyfX+9Es41nKRINtROgiJYnxmrYYyin1Nr5Xv5E8jTqkQYbDQv8wyVzBSde4W7gbNqSFyiSZ0pl68UHtNxJAjmfE7AeNVZ4gz3UVpRS2sjcmQADyEx50TbxRXMrDmwEcxyJHlSSy003pee9/QpHE/r8vkOv48i5CxlK5j1mNqqeJ4dry24vBUMs4gkOp2UAHltPhNH2rKs05jERlgRvvJE8+tJMEqIEAAABCabDePKpfEbba5/zyM4KLoZg8MiEKpW2iiAuQRETuefjVmroAPZsDG5Gsz18KhXBE2JZZYwSCNQpXkORFB4LE21S4lt1cnKO6QYPMEjSecVpYpqKvnm+RW4t6/oH4jGIykZM06MDOk+FV+Lwdt0uW1VWY5TLSBpEZokxoeWsUJi0Y3CVLAkEMOpPIKfjPjVbxbiNuwgBuXPawQgTLA/zTy6jX4xXXh6pypcryhMiUY3f5M32ysXFuK932b517r285WATCy3dnc90Csmq17rhuy2CxuEtMbbWxcRXK23KqHIkkJ7syTrFUGN/h3w60M9zGuiAxLPaHpOXf0r6DHjcUeVKabPLLaEkAAkkgADUknQADma9+7D8EGEwltWQJcZQ1zqWOsMecAx6UP2R7PcNtD2mFKXmGntC4dgegjRD5AVq6tGNEpysy3b65FhF/NcHyBP7VgcJOYwdCK1vbnEq1xUn3EJInm39h86ytrDqO8DuNjUcu2dWHUR7P0+lKgnVpOjb9GpVEvossQXuHXRZ+Va7sHhwFuuBElVHoJP6isU18uxCCY3Oyj1r0PsWhGGEkEl2Om3IfSrYl7iGZ+00IroportdJxEd+0HG5BGxBiqi/hHBzNGUeMz0NXLVG5kEVy5/TRye58l8WVw0jOhFlTqBm116UsR34ZTGpim3LLqxziBOmo89qZiLdzKMohYjfedZ0r5/JCTTUl+Nnp45pNNMNwwW4JYHQydYE7acxU2JBgBQI1nUfpVVhAbYltS2oESRGn1NMW57W4M8oiyzTILcgKkv2KNbZVq5OV6Q/FXAFK5hJ8dBPUeO1ZIWr+HuM8r7Ahjl07znQCI5nWa0eK4e1xiwAyZhlWQBHNjOtD49lW3nuWyBbLRJkTG/+U+XKlg5Y7X2/wBFNOiov8TDMivbQsASXCxBJ005iORqDEC5ntt7VlgQSkSRyM7ARNWl3gvt7aXEJVoBZYOoYaMo60VjeDNKBAsEZXBMQR+IeYq7tVICcf2nLFjLIyksSGzMdGJ1zDl5moMbhXuIFuXHhcxEMNCeURrv1pvFLrDuqRFpSOcxudvAQKYgLpCMSG0YGJQHYkeHUeFTk5S/a6CoqK2BcMsKhNu3uBmZjoCZA1+XwrWYa7u0annzgGF18yaynZ+y6XLguFoYEJMQ2ViGIO5iPnVjjuJtbW2qgAZg7NzKhhp4ACfjRyQfWTbtUScRtl3GUAhApBM6spkT15UThnuMwICmdSpMMhHMdQdqqsdxGL5tBc+VgJJjIziRBI6Ea+NRYvhUH/uMw8WLGfPnTKFU5LY3W2qLrGYc3CYJRvBhl8TlPu+lT2b5UC2ZJX8cglp136axVXgrty0sPFy3yBGq+vMUaMUoUFfd8NhrBFLmeqXcWK7ssBi2ywO6QTBza9ZnmTroaCNq4XzsQJaYETm2EkaUPgsSLiuXHdlgPEDp+lGcMUwRlnUHcQP7ilU5OouwOKjbM92rfE2z7a2rGUFtm0Pszm3C/iZpjwy+NZ3DcHvXXW5ibgsWzvcvQkjn7NGgsfIRXrmLdsPhrly3aNy4illQLpJOpganckxqda8P43xC7futcuuXuPvpsBsoUbAdPrXv4sXTFXyebKdt0bTt/wAUyYTD2sFeDYUKUdrbzqoUIjspkSMxg7mvPrmCdUR495WO3uhGKtPyP+oUbgOF3j3gl5ARq3sx7Mj+pnZEjwMivQeC+yGHK3bHtwoILABFRDGbPedyuWFWQrNAUaARXWlbIXRkeyfakYC1eKrnu3SgVTIRQgbvtzYktsOm4rRdiuPY3F4l7t7EMLFlS7gBVSSIVYA8zqfw07tJ2asWbYazbN0uQTDAlncyo7sEzyGq6bc6j4664HBJgkj2t0Z7sZdAd17oAj8OwkAmjtcm0+O5nuK3hir926099jG+w0UR5AUH/hCA2p0BI9KdhlHlV5atK1tp3Kt+n9qhdl6oyM9Wb412uOhn+9drUGzdYfCwup0AnTQR4Vveybg2IAiGOnmAfrXnT4q6DDBDrGgI+tbPsTiSfaKRAJDDx5NHyqmNUxMsria8V2mCnVc5RGmOKkppWsFFBxRhO0EVAMUgGR7gHMEa+hq14jgi+qxPMHmKyuPtMGZnEagfcV4efHOE5NrTPRxOMktneK4pRzDBVI0OxPPQ1Fg79pioa9n27i5iPImsxx7FBe6hO2vhVZg7D5PaSx945ZgRsD8RNcKwurk62dypr2npH/UFdoQZhroP6d6YmO75EaEe6R03B671SdlM72pdgCCQY0Mk906eG9SDiDWFulvwExIzHfY9eWtSlhalV9zKSfYujilJDAsG2jWD4EeQim4y+GKy2XvBSJkanXX96rMLxK5dYLbssAfxwMoHWToOdaCwysTbLAuF75XQDNMeuhrLDJ6b0ZyUdlRa4WfaNluSwMt5T3ZXnp41FhsLcCN7QgM7nM6wG092D0mrPE2VSCCM6qAHMz5kDc70Pib/ALrZiRO58AdKW2tLnuUT63sFx/DluoELnMpJQmPgGHXxqnGOgrbuFkKKVDEe8p38Qf2q64grC2oVjmOUgCJ0nYTrp+lVnGsJ7RpzapGYeDj3o5HTbzquJurkJJRukwDEXrdy9cd2P8wgHKJACgBWHjpRuH4e9oC5cuDKfc1JlfzKvTWs/j8VbRu4OgCzJJ61LiruJxAzXFY5VgKBAAGw9d66VDqXu4JSl08FxiOKoXC22LA6a6SfKgcRxK6JXISshRGzMT7o+FD4ThzqqvcZQoMgJBMDmxPjU/GeIm0FykLJ7pAklT7z5uX79aMcCcqWyTy9KstuJXW9g91SEyqcoYQJ0gEDcltBVz2VwuIv4U+0RLLkgKwBzlCO8SpMoTJiCDt64iwMXjrAS1az+zZZyOAQ2WFzZiJGrHTn5VuuwHZa5hA9y8oF1xlADTlTQnNGkkjx2r0fTemUHbW/Jy5szkqT0Wy9n7mbOcSc2hDBBmkH+piPdJEAbsT0Aq+2vGbOBRSRcu3rk5F9o6iBuzlCNBI05/EjZ1R9o+yuGxuU3g2ZAQro0EA6kdCNOYr0OmuDk6rezw7H8fv3XzsR/lUFR5Zgcx9WNNHE710LZzd13WUGgYlhAIGkTy5nUyYje8V/hSZnDX9Py3R+joPpU3AuwdvAt/isXdRvZd5VAIRWGoYltWI5CBrSdLG6kD8C4ecALuMxBZUR7iYezMaM+8dCQIG27c5rGYzG3L917tw95zPl0A8AKsu0vHrmOvFhpaScinp+Y+JoS1ZiByPX9KnOV6RWEa2+TlkVYYfEldImZEHx0EdfKoktxt0+9eRoqxh2NxXIIyyfXYfqdfCplTNXW1OtKp8ZZAuOOjH9fKuUbBRqcPZ9o4JO2sdB19dK0OAx3s7iMNl36ZTof3oDDYcIDOpJ1Pj0HWp3cARHj6CnTEZ6KjggEbGnisx2X4wG/kswzDVPEfl8xWmBroTtHNJUx1drlKawDpFVXFeEpdEFTG8qQDVqK7STgpKmNGTi7RguI9m7ORlFvMcp1zMWHjmJ01qqfB29LcBQqAEayfI8q9MeznBDc6Bv8DttqR3uo+HOvLzeinJ2mqR6OL1cYxprkwd/DrZAKEgIhIAY95o0BJ31O5pvDML7UH2rK+bJnAmAWMAAnU97rWmx/ZJXtvGZm3XM0Qw1EEDaR0qq4Rh7q925Yayq3JzHXNrIMjYCACfGub9LOC6nvY/6iMnSLLDXEUZR+GVW2oIEDTMx5jwoLE4lrRtsllwpc5zBclYOsCSoDeFHO9pSEytPN8xifrVXjuItZYWxBGbQ97WRr3ukmua34T+nJdU/5BMTj2t4gW8qlWI11zSx8dOdC8RxZS2bakk/mJJM6zrzNW2N4jcU5G7pB85EaAyNNwdOlVpV7hZlsMzKYOXYb6zykTWUPdwMpqtsZdJu4ZCPeTKASddNNDz8fWh8RjbgtktmLNCBY1MmDl6nWRvUo4exuW7b5lV5KQJG8QByPjWvwPD0tMCM48CdNPA1Vx41ok5pdzMcC4HhrYdzZvPcmCHBkciFZRtPPn1rQDg9u8ADbKj8veT5gyfWa0eGuID3oAOg8SeVGXEnQbV3YcPxF1J20cWTL0uqMxiuDeztk4e2GukgBoWRrq0vpp660Hi+wFq+yXL1y4HCKrhCMpiToWBI1J1571sktkcx86fXowhraOWUt6K7g/BLGEQpYt5FJk6kknqzMSTVhXSabNVSEbFSrhqq49x+zg7Ze42vJR7xPQCiDkMx+Nt2bbXLrBVUSSa8X7Y9qrmNfKsrZU91Pzf1N+32BO03aW9jXl+7aB7qDYa6E9TVXatE1CeS9I6MeOtsmw6xqvrVgjAiOfy+PzqOzY0+/s082gOZ1/tUipNhsRoAdwYn0G/y+NXuEbMYiCPr08Ky9vQ+Bjw1EePnVtg7zoo0M6fXr5H51kGQFjrB9o+o948x1pUzGXSXbunfrSoANUEuRuPDQnzpl7BMQS9xo2gR57masQMvwjbadeVDOhZt+W3zjrTpAbK23ayOCjEMuoPMQd5rf9n+OrfGRiBdA1H5vEftWLuqFJ/vPLSKrb1/KwZCQwOh2I8vuKpGXSTlHqPYlaug1iez/bRHi3iCEfYP+E+fQ1s0cEAgyDsRVk0+CDi1yS0ppoNdrAHA12m0poUGx9ca2DoRXM1dmhQbAH4FZJJhhPIMY+FIcDsR7gPnr+tWGalmqawwW6Q/xZeQX/p1smWUMYiSOQph4dbUHKghhDADceVG5q5NN8NeBetgWGw1pBlVAPv5UciKuwFRNbUmSomn1owrkzkMe0MwIAqUmm0poxgo3XcDk3ydJrhNcpjuAJJgdTT0KPpj3AokkAdTWW7QdusLhpUN7R/yr9f7xXmHH+2WJxZILZLf5VPLxP7UHJIeMGzedq/4h27E27H8y51Hur6/TfyryzH8UfEMXuuWY8zy8AOQoYJRlm3Jj761GU2y0YJHLLoY1AqwsWAdiPj6VxMMOaj1H34/CrOzg7RGqCR4RPw26VMc5asGIj4DfyPqPKn2eHwJad+UiOQHjyp6Ya1OmZekM36Gae2FI926/wDqKtrz+FYJC+ECMMqx4jf1++dGWhI121+45zrp5bVD7O+Y/mI2mxU8uRpTiBpltk+BIPnr61gFTjHh2E7HrSqS7wu+xJyb/wBS/vSrUY2TXNDt6jaoFvwCSNT99ajW7PKB1Jj4fL4VDcc6kGeQFMKOe6W1215Rt9zVZir2mnQfpGp6+dSXg86gQNZgRv8Ae9Dss7kffkKFhSKXEAyaseCdrsTgzAbPb/I2vwPKu3sOpGm3Pl151SYu3H70yk0Bo9f4H27wmIhWf2Vz8r7T4HnWqS4CJBBHUGRXzJcqx4Z2kxeHP8u8wA/CTI+B2qqyeSUsfg+jQ1dmvIeG/wAVbqwL1oP4qYPw/vWnwP8AEnBP7xa2fEaffrTKSYjgzbzSmqTDdqMHc93EJ6mjk4nZba6h9aYWg6a7NCjF2/8A2J/uFcONtj/yJ/uFagBc12ar34tYXe6g9aAxHa3BW/evp6EfvQoJfE0prEYz+JWCT3WZz4f8Vncf/Fc6i1Z9WP8AzQtIZRbPWC9AY7jFi0JuXFWPEV4bxLt3jb2ntMg6L+5rO38S7mXdmP8AUSf1pXNDKD7nsHGf4n2LcrZU3G68vjt+tYHjHbLF4mc1wop/ChI089/hFZpRU6W6R5GPGCRzKTr1oi1b505LBIqwsYUwI58v+KnZQ5hbGYaUUmHIbb7miMDhsumu5Hny6UfZsFj9x50AgdlA0ifvY1OluDE6eHl/aIqe/hMpFxTEff39iiLQ1BmQdRrpGv0rGBHgjSZzDXw3+s0TdQmdPUGPPWOpFcxDiWGxAnTmB9ijUAYCPdjxjynnWMDWbLKN9PpHzqZ7ggNGnPaua54I5jXzn0jlRRw8A6T1+961BGW7qwNR6ilSRIA1PypUDFWnHUPvqQZ8/wBIjXwqfDslwko6+A0HPodRQvsrbicvh961C3DkiQY+nnRs3SHX1MlSZMj6aT50I9kgbHaJ+o1iofY3kEqR6Hx10rv/AFK6o76zPgPPlvPjWBbQ4WI3/Q9ddvI/Cg8ThRt5c+dFJxa3syR0gx56Gpc9u57rAH4enL9a1GbM1isJ9/frVbdtEVrHwknQiT05Rz0nQftUN3hQOwk6z5COWvxpgGQauTV1j+Dum6kVUvZI5VrFojmpFvMNmI8iaipUOowR/jLn/sf/AHN+9I4u5/7H/wBx/eh6VHqZiRrrHdifMmmVyKdkNC2Y5NcqX2ZAk1y2k1rDQ0CpFtmiEsc6N/wmgjn9/StYaBbNnSfjRlrDjnUtqyQIPlR+GtDpqNh4/evwoGFhsNs28kcuvOOf96Pt29YyjLGxJ8flr865YdUECTpIH2aKsWxqeUDTX4+HM0QnUtAAR+vP6bfrRdgBj0H7cqinIdjvEfAen4vnRFlsx02J0/45VgjXbWBB11Gp6biNtD8a4bggqBtz+fLxmpcXhzMjbY7actzPIn7FM9mesn6aaUGZETYdT3iNYPn8TRC+4HEHrvy0jwgUxgAySd4HSddvv60aqrEBZnlIjajRrALLnQ9Zgen3rpVnaumJIoN1A2HL7ny1olIGo1BHI+vOijEUHlNKp/Z/1fpSoUYzeD2/1VLc3b75mlSpBh9z3T/l/eguY8x+tKlRFB8aozPp95RQWE94+RrlKigMlVj1qz4e501Px8KVKmZkWWO970/as5jkEnQcvpSpUpjNXBqfvlQ7b0qVYDG0hSpVhQhKKt0qVYc7if8At+o/WmYX3fj+hpUqBixs7Dzq0s/h8/8A7UqVEw1hovp+tWKKPZrpyH60qVFABk95/X9TR+HHdPkP0NKlQQSTF7jzNS4Pl5L/APgaVKigssLnut98hUdr3fvoaVKiwIBv7n/NVjz9TXaVZGYJc3b0+tFdfX6UqVAJYIggaD4UqVKmAf/Z"
Samosa (https://en.wikipedia.org/wiki/Samosa),"data:image/jpeg;base64,/9j/4AAQSkZJRgABAQAAAQABAAD/2wCEAAoHCBUWFRgWFRUYGRgYGhgaGBwaGBwaGhoaGBwcGhoYHBocIS4lHCErIRgaJjgmKy8xNTU1GiQ7QDs0Py40NTQBDAwMEA8QHhISHjQrISs2NjQ2NDQ0NDQ9NDQ0NDQ0NDQ0MTY0NDUxNDQ0NDQ0NDQ0MTQ0NDQ0NDQ0NDQ0NDQ0NP/AABEIALcBEwMBIgACEQEDEQH/xAAcAAABBQEBAQAAAAAAAAAAAAAAAQIDBQYEBwj/xABAEAACAQIDBQUEBwgBBAMAAAABAgADEQQSIQUxQVFhBiJxgZETMqGxQlJygsHR8AcUI2KSorLx4UNTc5MkMzT/xAAaAQADAQEBAQAAAAAAAAAAAAAAAQIDBAUG/8QAKREAAgIBAwMDBAMBAAAAAAAAAAECEQMEEiExQVETFCIFYXGxMkKhI//aAAwDAQACEQMRAD8A9VYxDEWLLQhbwgg0iiMBrGKBeBjlEVARsDHAxSIWioLEEQxYhMGMaTrEBg4gJIwiQMSIYsS/ykdbEogu7qg5swUfGVdTtPgl34ml5OG+V4MEWwjgJQDtdgb/AP6U+P5Trw/aHCv7uJpk/bA+cSGy0haNp1FYXVgw5ggj4R0YBCEJICxIQtKAUQhEgIIQhABIQhAAhCBgAAxbxIAwAfeEbCAD0a8Uf6kamxkwE0RmxwEQCKN0BKEJaCmBMBEA6NMWIYAJG1I4xv8AuSyhG5xjuApZiFAFySbAeJMq9u7fpYZbNdnb3EX3jv1P1VFtSeRnk3aXtM+IYio7MgOlNGKUx9ph3n8rcdSJEpJdSkbzan7QcMjFKH8V+JGlNfFt7eXrMZt3tpiqndSpkB+p3PiNfjM9ha5Ufw6NNR9jOfV8x+MlqlWH8XD2v9JGKN42OZP7Zn6kbHTEKIRnqVS78ybnzJ1nNiFv7ovyt+MttlbASpmKVQwAHcKH2g8UBII6hrai9t0t02LiQLJTQdXa39iN+Mcr6xKjXdmLXDv9U+hjijjes2w2LjeVD0f84x9mYxd9Kmw/ldwfRnI+EScvBVR8lZsTGqn0yhO4hipHpNxsrb9VCFdxUU+6bg+ttfUzD7U2OyAO706d+FQMr342VVOfxUGceGx1JGBD1HtyRVHqXJ+E3jOKXyJ9KcuYqz2mhtim1sxyE8T7t+V+Hn5XljeeS4ftPhXQpWWsoYWzAKbeIBuR5TtwvaJsGistT94w5NuqcgDvVrfRPKQ3Fv4sHjnFfJUenCF5XbJ2xSxNMVKThlPqDyYcDO8NAkdCIIsACJFiQAIQgYAJCEQmAC3hEvC8AFvCJeEBDgJKhMaBHIJokQx4gIExo1lCHAwMICIBREMLRWgA0mZrth2qp4JACC1appTprqzX0Btyvp1M7u0e3EwlBqz6kd1E3F3N7L4aXJ4AGeMYLFVK+LfE1Td0pvWuR9JbJTyj6IV3QgD6sl8Kxo6O0ONdmKM+aof/ALmXdm/7an6ikAX+kRfdlC8eztmZu83xkeEp53F+d/18fWaanTygeo/XlPNz5WnRqkQ0cJkA0t5aW8DoZIaIvpw9PnJDruFvXgOsYDrp+vGcrk/JdEdHAF3Bpvkqg3Q7rt9Uk8Tu10N7HfNrsXGCtTDFcrqSlRbEZXXfoeB3+o4TIIt92/53mi2fiR7YPmOevTIdbaZ6OmfNzIzm3Wdely29rIki+FMTP9qturhlCJZqzi6qdQq7s7DxBsONjwGt6j8zYcTyHEzyHaGNbEVXrNvqMco+rTGiL6ADy6zsyS2xNtLh9WdPojnqs9Ry7sXZveYnf08Om7pJEwi23ayamkmVZwSm2fSYtPGK6HMcIvKFNHS+TUHRlIurDirKdGH6Gs7LRrHUab/hJU2naNMmmhKNNHHQxlTAOuKwxPsnOWpTYkhWtm9m3MEAlG32BG9Tf1/s5t+ni6QqUz0dT7yNxU/nxnm9PABwKdxlxKtTF/oVlKlCfBzTb7LEc5mey23nwtYOoOU2FRd2ZeI6MOB5+JnoQlvjfc+X1OL0ptLofRSvFvKzZ+PSoiOjBkdQynmD+rdCDLBWlWYj4GEIxAYQhABI0xTEMAEhCEACEIQAmBiluAkZOhj6ImidmbJFSOCwEWUISLCEAFjX6Rbyi7YY5qeGYJfPU7i232PvEeWn3hExo8o/aB2h/eMQcpvSp3SkOB+s/ixHoFlP2bqlmxN9ScObfdrUCfh8pJjdjv7Qq4sRY9ACL3lv2Z7PucUBYqns3VjxYVA1M6cbG58V6TGUr4NNtKzl2QnfJ6AeZHLyMvmfde/LwG/1uTKbDYd6NZ6bizoxVh4cR068rS5yGwa3dJsPLX8Z5ef+RcSFzHWB3ch6214mI539YK1uH/EwZRPST0ljgKZLUiPonEt4D2aoP7mE4KQ5XJJ4byTu/GXeAITTflpsL79ASXa/EM9wDyp34idGki3JsiT4J8Y59hVK7/Y1iPH2b2nltBNFtwVflPWNmqGCq2txlPgRYieZVsK1F2pv71MmmeuU91vArY+c7c6e1M9H6W1vcQRTJVjVj1nCz6SI5BFVYiiToQN8lmqRNRJyJbeuIpZfFla/+CzDbYXLiq4UaCtVt4Z2tPRtgU89Smuncdq7/cAWkPN2PkZQ9rti5Czi5ZWBv9ZWvYnroRfmOonfp7UT5X6m4vNSLP8AZxtgo37u57j3an0feyeDAX8R/NPUsPVuJ4FgXqIwyXBBDqbahlsQR4EAz2PZO0Q6I40DqHA5Hc6+TBh5Td+TzV4NKpikznoveTiFgF4sIhjAQxDEgYAIIRY0mAgvCJCAzoA0j1iLHrNkjNjhCAMWMQgMWFoCIBGXpKPadVWq2OuSwHQkXY/G3lL07551idpEo78XdiPAm8zm6RcFZIMKlfEqLAXOZz/In+hNL2awgZnrZbAnuDkoFkHkoHmTMl2aYla7nflWmD1drN/beelbOw+Smq9NfEyYc8jnxwZnth2S/eLVqJC4hB4BwNwPIjgfLlbAqrqSlRCjpqytobXA0PEciJ7hKrbCYZ1y4hFcciuYj0FxMM+KMlbdBDd0Ss8nynlJcmma2UW4n46zUHYuAdiKZKHgGd0B8LsB5CUm1ezGJW4puVG4ZVs3/s1ces546JyVxkmvsW5OLqSr8nBjcWlH3tTwUEhj+KL/ADHU/R5iwwlfMgX6T2L6Wso91ABuFgABwAlTg+xeIcjOwAB8+d+s2WC2OtFQN7HnvJ4n9dJ0xxLDBvou7Fe50uSKnW9mC9rkAkDrwvbdeUXaSguKy1kQ08QqKK1I/TGuUo25mHDcSNDY2E0Lg+7pluCSfeJPGw+QnHjqSKykksCO8QLnvWAJt1t5EzjWs3Pa18f9PRx6fZUovlGARvhpyNxvBB3HpJVMvNrYRc49olie6tRTZieT6WJtYAsDI17O1Dqrgg7roPnmF/Sae3lJboco9HH9Txx+OThlQDJFUkhQCzNoqjUk/l1nedkEGzO54WRACfBizf4y92bs50B9lTVXOhaoWv56Xbh3bgSPS2v5uv2PL9TTi/SVv/Dr2Bsn2CFnILvYueAt7qA8hfzJPSd1XBUqhGcqQQVYXGqPofQgH7s5UwbZh7Z87EbtAF55QNJ1DB93QkW3W0FvCX7tRe2K4Xk8h6d5G5zfLMdtPBphq1mXVGBHIgfoi0u9k4oPTYooUI9wBuC1N9vAqv8AWZwdo8MChzMudDlyj3sjDMrHzuPLxjexNUMtROaPbxUZx8UHrOtycoprozn2JNp9UbfAVrgSyQzObLqy/otpCLM5E0SLeIZYhDEMI0wEBMbAmJeAxYQhADqQyQSDOBvMelQc5smjJpkwELRmcR4cc4wC0LwLxuaICLHVMtN2+rTc+ik/hPM8YlqNMc8x+M9G2sf4Fa3/AGqv+DTzXatb+DSt9X8ZhmNsRedlcP8AwU/nr3PUKpH4z0kCeedj3zUsL/5KvwUT0JmAFzwhHiKFPmTODamPFMWHvHd06zA7bxRYtfNZr2ykXN+BvLLE12qOzE+9fLcXty06aSsxuI7yIbZibKL21O+x32G+eTmzPLP7LoepgxrFG+5VUdnOoQ5zfIGJY3sDuW5mj2d2iOQJUJa2gY7yORPHxlHtJ2Z3Kg5VsumgsJRV8UeHD9a+keDLOErRpnwxyRp9T1KlikOo4znxNc5s1r2AsD85lOxO0faEgtc096n+b3T8/Saaqwuc2gO//dprrtS5RUF+Wcem0+2TbOV8YpbcBpqOoi0qasrNa6m11PLp8TOGu/euSSODDiB87axcPj8hKk3Bvre1rdPWecj0GmRVdnK6sj2JsxpOb37wta/Ejf5dJ2dmySppOO+lwfLjrIdqPdQRoLNv0BtyI48bw2Xj0XM4Ny6p6H3weTC3xnoaXVPHd9KOTU6dTSa6k+2cQtMd1M7XtlDBdb2JJJ8vKVuze0VOozILo4B7r6MPLcw6i++Jtaqb5l1tqOl+Mq12atSzEEODdW1Fj1I38uusw373uk+X3NlBQiopcIuvbFmYE95RfxH6MucDVDqL+X5eEx1CsxfKy5HA3X0Zd11PLUacPMTQ7FrAprrbS3Eab5Mk7K4oz/bVsuIp5RYNTs3UB+7rxtmb1nF2KqZcUi8DUCHwfu/jL3to96AJHeDp3gNVDMF/L4St7LUgtdSNSa1Lhuuwv8p6Gnn/AM0vDOLNH5X9jQ7NfWaXCvcTJ4J+9NLg2m8TlkWN4l4l4hmhIRCYExpMAEMS8DEvAB14kZeEAO8CKIkdabGQ5Vi2iKY6MBGQchAoI68QtFQWQYmlmRkt76Ov9SlfxnkmNe+GpnkxE9hB48p4/t9fZnEUfqVCV+yxNvgVmWVdzXEzQdi8QPYUv5MSQfB1a3ynou0quWk5/lIHiRYfEieL9jsdYVqd9SFqJ9qkQx/tDT03aO1A1BGB94g300AUnj1tM5yrG34LUbyJeSuKAqTy49eJmVcL7d6+YWpqQNCO8wy7zv0B3S7NXMTY2Ti17Aaa6+cy+166GyU2JQbzpdjrqSPH0tPGgmeslb+xyVNoOVKg7ySTfeTzldidATm8v14yY0xw0uf0Z04DAK7i4uBqfym8UkOTOv8AZ/SNM1XYEM6DL3eCk3Ivv3jTpLTE4pXBDVHDE21ew/p3cImJxNClYkkneFHTcumpPQa6ysq3rJ7RVZNSLNYNodL7jqLHzkzTlLczPhcE4d07qH2i3Gh330uQRusekirbRUjvKRcXItc7t91v+vOQ4WnlPfzC4FuGh3+PCddXDgkuO6FAXUa23N4AA8ZDSvkqMn2HYPagZQBna17WVr35WI+cp8VjXSrnUFUDKWXnvVibaXAN/KW4sg0FwfdVd5094dL635GdmD2KXKM6hRpmUWuRfUEjhHFxT5Kk21SJKSGoAUtltmJ0Po3Xl1kaY5QSobM7AFPDdfTS17fCdu2Xp06eWn3AlyVUd2w4HnymU7QEpUo5dCtMKw/mIBIPPfFGCboUm9p0bWpu7IyMA9PcedyAynmCJZ7KqsrHMCuoDDrvB03g/hJtg4Qhc7EXYaXtp1nR+5B3Jzhe7Y9e9mX0Pzg5f1JTRD2qdThazMAcqFlHJg3da/iBKrsRUzPnPBs/9Csx/wAZzftD2ggSnh6bAuzXqhd4UWIDcrkDrYcjH9iyVo1n3ZUyj7VUhf8AAOZ6GDG1C35OPNNOVLwXmz/e8ppsDM5s1yTr5zTYFza15tFHNIsIRQ8M/h6TQgaY0x5eMvABrRhj8w5RjMIDEvCJfqPT/mEBljEU9YggZqZktopkQfrFL24RkkgaJ6yM1IvtIWA4sfynmn7ScFkqrUG6omVvtJuJ8Rb+kz0cyj7WbM9vh3RR3l7yfaXd66j7xkyVoqDp2eL4DHtRqo671YenI9J6CuJD4cKrjJn7pv7qGzAN1F7fdM80xVOx3TV9hKTuajAgmmoZkOudL2YgHiND5GcuSDktqZ2Qkovc10LjEYWplAVu4dwItp9diRYX3ziXZrbwCd2oVrHwuNZvqFQMoN9CLiRoA5YBgAvxNj+Uz9pGMXKT4/BXvW3tiuTBjZlZtShtw1C6DeT/AMfGW+ztjEBVdyAbmy7yLi4JNz8t80Ryocos7leJsAN27l1k2FpWANgG3E/E9bX4Tz8mRbqj0OtbttyOOlsxEJZUUMQLEizW5X4CZ/tZ/Dps6Eht+lvLQbxv3zavUG63ibTE9tGLKwvoFuDbeON/K8mHM1yFvazI4Dateoe8VBAAFltpul/hMFUxDhHcKlszlRq27S562mWwbZKnnPRuzIBuSOvp/qetOGOOFzpWjz4zm8ijfDOnZew0p3KpqSAzMbtbkL6gdBpLfF9xbKOG89ePw+E6Kq2uSep8ZntvbQyEAMzZhrobKF1N7aAacZ5Nd+7PQu2vAytTS92sVTvub77e4mvM/wCJlM1NMQ7NUGhN1IO62gIPhffOjbFTIoTUFznYcQLAAG3GcmzH1NyNRv5W3AzowUmm+hOXdtaXU0Wy9moBlXNzJvr+Xwku0tl1mQpRtqrGo7EaKAdBfmeXCSbJqgAt5DqeUtNqYj2VL2d7VKurc1Wex7bHSdcnkPNO+p4niNn2dmuSzsdTvOurG/Oa/A0fZ4amm41GNU/YW9OmP828HEuqXZ1KqNUfuC4Ct9VF1dyOOglZXq+0qEqLKLKi/VRQFVfJQB5Sc0VFUi4ycnbLDZiaX5zSYJdJTYBLWmgwy6TKKHIlESPjSZYhDGkxTGmADSY2KTGEyRjrwjbwgKjvvFz9ZEzSNnmtk0TlhDPOVniCpCxUdYeJmnOGv/sCITCx0Te0HKRls3h+EjZ+cC5txHW35xWFHnvavYCJiVcg+yqtZrb1c8dee/xvuuJyYbDVMDWSshD24Dc6Hep62noGOwq1EKNuPPnw4fq0z9TBpbLVYKwNgSbXI8ehHrM5cclxd8HTiKgakK+HJ9k5OnGm3FTylvSw+SkoN72BNt921Nz43HkJhU25+5lzmGRyAUsCGIOrgeHKbKjj1qrmRgytbK2a9wePp+M49XlbgkdWnxJSskpqrAsupzXJO/TdOtb218pBh0AJuRl/E24ct8kqY5QLZhf9W0E85JPlnbJ8UhuKcopa9xbUdLiZXbBWqHuNCCD6H/iXGNxIeiwN+RbiQeFhMocSXdiB3AoCjeRoOPPSXFc2iYvszIOSri+8b/LT8J6T2JcZGJ393XlvnnG1FK1CDpr+U9F7B0M1B2/nt5Kv5tPTyyvB+aOHHGs34s0uJrbtBa99bkH03+EztVVdy59xCWYke8R7qDxNjbpbjOjboyI7BzcA6WuN2/Q6aTP+1cKlIEaAPUJ17794rv4A2nmq3yego0FR3quWbexvbfYDcJa4bZmYW3G2vW8XZuD4gaHid3Xwl7SKJvZVsCTdgNBvOvDdG23wguuTgwOKTC1P/kNZQt6Itoz6kgnnxA6GcyVHxNYkt73edvopTHCcnaXaNDFKtDDstWozKwZDmWnkYHMzDnqAPwkWAV8JTOdwwY3RLD+Iy7mY78inhuYgDnb19NnkopS7fo8zPii5Nx7/ALLztNtQKi4enoCFLDiEGqKere8fu85UbLoEnNOCgj1HLMSSTdid5J1JmkwNC1gI5NylbM0lFUd+DpS2TSc+GS06I0hDyYl428QmMAJjSYExhMBikxpiXirzkgGQwiZoQ4AnZpGzRX6mRsV8ZQhIvU7ow1LbriRu5O8wAeat/CP9oJzExC0VhR0mty/MmNZ5BmiZ4WFEpacW0MKrrYi55/h+R4X4gkHpzRrCHVUNccnkfbPA1EqXcHJuU8PA8j87G17GU2ytu18MT7J7A71IupvxtwPhPasbg0qIyugZSLa9fHTgN993Secdoew7oS9A5l4qTqPAnh9r1O6TsjVVwWpu77nRsztsG0rCzaZTfu366fOXWG2mjkkNay2BuDrwvbTznlz4dlYqwKsN6sCCPIzswWJqUzdGI5jeD0IO+c89LB/x4No55LqelPtJcgDMCbEBRbXkBxkeBQItiBdrnduDW003WtwmX2Xt8I13pK/Ph5gzSYDb2HcEtVyMdAjaAdQxuPlOSeGUVwuDohki+5nu0eG7+fQ7gbfD5/CabsTtylSQ0ajZLkkMfd1toTwPU6Ru08LQ7hrs4Rz/ANOzOSASCAL6bteshLbOVbLRxLngWIWdmGKyYqkc2aThltGh7QY+ilJyzoVIsFVlLMTp3RfXf6TJjHki6UXtwz5VBPE8SfSV2NK3Jp0ygPBmDH+1R85zMKj2BYkDhey+g/GC0sYryae5k+hbV+02JQZVKA23hb28MxMqP3zE4hsjVnYMe8L5V+9lAzDoZKNnM+7QD3mOijxY6Dzlrhf4a5aKgsd7sug+wpGvi3puMuMIxXCIlNy6s7tmJSwiXsWqPYhCbEge7mt7qceZ4cxEoqV3zubk+QAG5QOAA3CSYPZxJzOSSTck6k9STL7DYW24SlExchMDhQoAEusNRtI8NQtO9BaWkZsesXNEvElDHZoZo2KXtAAJiGGbrEMkAiMYCEAEvCLlESAA5kLNHO052aOwHM0YXjS0bmhYAWMUP1jbjlGFomMlvFvIg0UGAEuaCmMBgDCwoltcj9f7kVRY4nSKRxjsVFRtLYlGsLOgPI2115cvEWPWZfG9iwNabkdDr89w8zN7aIUhww6Hl9Ts5WXeoIHEGw9WtHJsIixIY9AL/ET0w4cFW8V/Gc1XAgjdIlDwzRTrsY1MPd0X2TqACCQpGluductKeFoj3gfvMF/KWx2Yv1R6CKMB0jjHaqFKW52UGOwlN9AbdFUn+46H1kOH2cF91b/a3f0rx+8fCahcAJMuA6S7ZBnV2eWtnJNtw3Ac7KNB5SwTBgbhLdcLJ0wwioLOHDYXpLKjQtHIlpOpggYIkkEaI5mjAMpijxkcWSA4vGkXhEJgAsSIGi3gAohEEcIALeELQgBzVZzuYQiGRFowxYQAbnMC5MIRAF4oMWEAFEWEIwHrHI0IQAcyxLQhGA9B3T4j8YZYQjYhwSOFOEIIA9nAJFhGAXjwR1hCJAL3escEHlCEQCM/LdGgwhAAzRbwhAAvCEIABEbeEIAOBjxCEBj4QhAR/9k="
Dosa (https://en.wikipedia.org/wiki/Dosa_(food)),https://upload.wikimedia.org/wikipedia/commons/2/25/Masala_Dosa%2C_South_Indian_Food.jpg
Chicken tikka masala (https://en.wikipedia.org/wiki/Chicken_tikka_masala),https://encrypted-tbn0.gstatic.com/images?q=tbn:ANd9GcR6kGCP3zcALfdMSgM9xVlndq7gk9cjBt5qkw&usqp=CAU
Tandoori chicken (https://en.wikipedia.org/wiki/Tandoori_chicken),https://upload.wikimedia.org/wikipedia/commons/a/aa/Chicken_Tandoori_01.jpg
Aam panna (https://en.wikipedia.org/wiki/Aam_panna),https://upload.wikimedia.org/wikipedia/commons/9/95/Smoked_Aam_Panna.jpg
Jal-jeera (https://en.wikipedia.org/wiki/Jal-jeera),https://live.staticflickr.com/8377/8361796124_f227ed1bb5_z.jpg
Lassi (https://en.wikipedia.org/wiki/Lassi),https://encrypted-tbn0.gstatic.com/images?q=tbn:ANd9GcSVmgfYcY0xgtD-UolGYIi8oAe4QzM17H2qlQ&usqp=CAU
Lemonade (https://en.wikipedia.org/wiki/Lemonade),https://commons.wikimedia.org/wiki/File:Indian_Food_snacks_prasad-107.jpg
Masala chai (https://en.wikipedia.org/wiki/Masala_chai),https://commons.wikimedia.org/wiki/File:Masala_Tea.jpg
Sari (https://en.wikipedia.org/wiki/Sari),https://commons.wikimedia.org/wiki/File:Sari.jpg
Lehenga (https://en.wikipedia.org/wiki/Lehenga),https://upload.wikimedia.org/wikipedia/commons/1/14/Indian_Wedding_Designer_Lehengas.jpg
Kurta (https://en.wikipedia.org/wiki/Kurta),https://upload.wikimedia.org/wikipedia/commons/3/31/Ladies_kurta_white.jpg
Shalwar kameez (https://en.wikipedia.org/wiki/Shalwar_kameez),https://upload.wikimedia.org/wikipedia/commons/d/dc/Balochi_Shalwar_Kameez.jpg
Churidar (https://en.wikipedia.org/wiki/Churidar),https://commons.wikimedia.org/wiki/File:Actress_Gayatri_Jadhav_17.jpg
Bungalow (https://en.wikipedia.org/wiki/Bungalow),https://commons.wikimedia.org/wiki/File:Heritage_Bungalow_no_12_at_Takdah_or_Tukdah_cantonment_in_Darjeeling_district_10.jpg
Hut (https://en.wikipedia.org/wiki/Hut),https://en.wikipedia.org/wiki/Hut#/media/File:Rumah_Sederhana.jpg
Villa (https://en.wikipedia.org/wiki/Villa),https://upload.wikimedia.org/wikipedia/commons/8/8d/Kilimanoor_palace%2Ckilimanoor%2Ckerala%2Cindia.jpg
Temple (https://en.wikipedia.org/wiki/Temple),https://commons.wikimedia.org/wiki/File:The_Golden_Temple.jpg
Mosque (https://en.wikipedia.org/wiki/Mosque),https://upload.wikimedia.org/wikipedia/commons/7/7e/Jama_Masjid%2C_one_of_the_largest_mosques_in_India%2C_Central_Delhi.jpg
Indian Lotus (https://en.wikipedia.org/wiki/Nelumbo_nucifera),"https://commons.wikimedia.org/wiki/File:Nelumbo_nucifera,_also_known_as_Indian_lotus_in_bud_stage_%28Image_3_of_7%29.jpg"
Jasmine (https://en.wikipedia.org/wiki/Jasmine),https://commons.wikimedia.org/wiki/File:Garlands_of_Jasmine_flowers.JPG
Hibiscus (https://en.wikipedia.org/wiki/Hibiscus),https://commons.wikimedia.org/wiki/File:Hibiscus_flower_in_India.jpg
Rose (https://en.wikipedia.org/wiki/Rose),https://commons.wikimedia.org/wiki/File:Indian_red_rose.jpg
Marigold (https://en.wikipedia.org/wiki/Tagetes),https://commons.wikimedia.org/wiki/File:Indian_Dragonfly_sitting_on_a_marigold_flower.jpg
Guava (https://en.wikipedia.org/wiki/Guava),https://commons.wikimedia.org/wiki/File:Guava_-_Psidium_guajava_fruit_of_Tamilnadu.jpg
Chikoo (https://en.wikipedia.org/wiki/Manilkara_zapota),https://upload.wikimedia.org/wikipedia/commons/c/cb/Sapodilla_Hasya03_F%26SPark_Asit.jpg
Papaya (https://en.wikipedia.org/wiki/Papaya),https://commons.wikimedia.org/wiki/File:Theengapaal_papali_saaru-_Coimbatore-_Tamil_Nadu.jpg
Lychee (https://en.wikipedia.org/wiki/Lychee),https://commons.wikimedia.org/wiki/File:Litchi_chinensis190714mx.jpg
Mango (https://en.wikipedia.org/wiki/Mango),https://commons.wikimedia.org/wiki/File:Mallika_Mango_Indian_variety_IMG_20230603_113916_%283%29.jpg
Spinach (https://en.wikipedia.org/wiki/Spinach),"https://commons.wikimedia.org/wiki/File:Spinacia,_Bangladesh.jpg"
Eggplant (https://en.wikipedia.org/wiki/Eggplant),https://commons.wikimedia.org/wiki/File:%22Amazing_Brinjal%22.jpg
Okra (https://en.wikipedia.org/wiki/Okra),https://commons.wikimedia.org/wiki/File:Lady%27s_fingers_%28Okra%29_in_Chennai.JPG
Cabbage (https://en.wikipedia.org/wiki/Cabbage),https://commons.wikimedia.org/wiki/File:India_-_Koyambedu_Market_-_Cabbage_03_%283986948592%29.jpg
Cauliflower (https://en.wikipedia.org/wiki/Cauliflower),https://commons.wikimedia.org/wiki/File:India_-_Koyambedu_Market_-_Cauliflower_01_%283986199101%29.jpg
Cotton Field (https://en.wikipedia.org/wiki/Cotton),https://commons.wikimedia.org/wiki/File:Cotton_Fields_%283968815782%29.jpg
Sugarcane (https://en.wikipedia.org/wiki/Sugarcane),"https://commons.wikimedia.org/wiki/File:Sugarcane_farm,_Bhuinj_02.jpg"
Jute (https://en.wikipedia.org/wiki/Jute),https://commons.wikimedia.org/wiki/File:Jute_field.jpg
Rice (https://en.wikipedia.org/wiki/Rice),https://commons.wikimedia.org/wiki/File:Rice_fields_of_kerala%27s.jpg
Wheat Cultivation (https://en.wikipedia.org/wiki/Wheat),https://cdn12.picryl.com/photo/2016/12/31/paddy-harvest-hay-stack-workers-f744da-1024.jpg
Pressure Cooker (https://en.wikipedia.org/wiki/Pressure_cooking),https://commons.wikimedia.org/wiki/File:Universal_Minute-Saver_Pressure_Cooker_-_New_Britain_Industrial_Museum_-_DSC09870.JPG
Skimmer (utensil) (https://en.wikipedia.org/wiki/Skimmer_(utensil)),https://commons.wikimedia.org/wiki/File:Pauna_kitchen.JPG
Tava (https://en.wikipedia.org/wiki/Tava),https://commons.wikimedia.org/wiki/File:Indiantava.jpg
Rolling pin (https://en.wikipedia.org/wiki/Rolling_pin),https://commons.wikimedia.org/wiki/File:Nudelholz.jpg
Karahi (https://en.wikipedia.org/wiki/Karahi),https://commons.wikimedia.org/wiki/File:A_closeup_of_karahi.jpg
Cricket (https://en.wikipedia.org/wiki/Cricket),"https://commons.wikimedia.org/wiki/File:Street_Cricket,_Uttar_Pradesh,_India.jpg"
Kabaddi (https://en.wikipedia.org/wiki/Kabaddi),https://commons.wikimedia.org/wiki/File:A_game_of_Kabaddiin_the_sand.jpg
Football (https://en.wikipedia.org/wiki/Football),https://commons.wikimedia.org/wiki/File:Young_Footballer_Performs_Illinois_Agility_Test_-_ATK_Grassroots_Development_Programme_-_Kolkata_2016-05-24_2970.JPG
Hockey (https://en.wikipedia.org/wiki/Hockey),https://commons.wikimedia.org/wiki/File:1973_Men%27s_Hockey_World_Cup_India_against_New_Zealand.jpg
Badminton (https://en.wikipedia.org/wiki/Badminton),https://commons.wikimedia.org/wiki/File:Badminton_at_the_2018_Summer_Youth_Olympics_%E2%80%93_Boys_Quarterfinals_Rumbay-Sen_44.jpg
Vijayadashami (https://en.wikipedia.org/wiki/Vijayadashami),https://commons.wikimedia.org/wiki/File:Vijayadashami_01.jpg
Diwali (https://en.wikipedia.org/wiki/Diwali),https://commons.wikimedia.org/wiki/File:Diwali_lamps_India_2011.jpg
Holi (https://en.wikipedia.org/wiki/Holi),https://commons.wikimedia.org/wiki/File:The_Upcoming_Holi_Festival.jpg
Eid al-Fitr (https://en.wikipedia.org/wiki/Eid_al-Fitr),https://commons.wikimedia.org/wiki/File:Eid_al-Fitr_Namaz.jpg
Ganesh Chaturthi (https://en.wikipedia.org/wiki/Ganesh_Chaturthi),https://commons.wikimedia.org/wiki/File:A_clay_Ganesh_Visarjan_India_2012.jpg
Gurukula (https://en.wikipedia.org/wiki/Gurukula),https://commons.wikimedia.org/wiki/File:Gurukul_Surat.jpg
Indian Institutes of Technology (https://en.wikipedia.org/wiki/Indian_Institutes_of_Technology),https://commons.wikimedia.org/wiki/File:Main_Building_-_Indian_Institute_of_Technology_-_Kharagpur_-_West_Midnapore_2013-01-26_3686.JPG
Vedas (https://en.wikipedia.org/wiki/Vedas),"https://commons.wikimedia.org/wiki/File:1500-1200_BCE,_Vivaha_sukta,_Rigveda_10.85.1-8,_Sanskrit,_Devanagari,_manuscript_page.jpg"
Blackboard (https://en.wikipedia.org/wiki/Blackboard),"https://commons.wikimedia.org/wiki/File:Indo-German_School,_Nelavoy_18.jpg"
Central Board of Secondary Education (https://en.wikipedia.org/wiki/Central_Board_of_Secondary_Education),https://commons.wikimedia.org/wiki/File:Indian_Students_4616.JPG
Carnatic music (https://en.wikipedia.org/wiki/Carnatic_music),https://commons.wikimedia.org/wiki/File:Guruvayur_Dorai_29.jpg
Hindustani classical music (https://en.wikipedia.org/wiki/Hindustani_classical_music),https://commons.wikimedia.org/wiki/File:Adarsh_Saxena.webp
Sufi rock (https://en.wikipedia.org/wiki/Sufi_rock),https://commons.wikimedia.org/wiki/File:29th_December_Enthralling_Moments_with_Madhavas_Rock_Band_Varsh_Poornahuti_Mahotsav_2017_Day_2_-_YouTube_%281080p%29.mp4_011147039.png
Indian pop (https://en.wikipedia.org/wiki/Indian_pop),https://commons.wikimedia.org/wiki/File:Krishna_Kumar_Kunnath_2009_Crop.jpg
Folk music (https://en.wikipedia.org/wiki/Folk_music),https://commons.wikimedia.org/wiki/File:Nagaswaramplayers.jpg
Kalamkari (https://en.wikipedia.org/wiki/Kalamkari),https://commons.wikimedia.org/wiki/File:Kalamkari_coverlet.jpg
Pattachitra (https://en.wikipedia.org/wiki/Pattachitra),https://commons.wikimedia.org/wiki/File:Pattachitra_Painting_%2816422248343%29.jpg
Indian painting (https://en.wikipedia.org/wiki/Indian_painting),https://commons.wikimedia.org/wiki/File:Giridhar_water_color_painting_-_Indian_Girl.jpg
Sculpture in the Indian subcontinent (https://en.wikipedia.org/wiki/Sculpture_in_the_Indian_subcontinent),"https://commons.wikimedia.org/wiki/File:8th_century_Ravana_lifting_Kailasha_parvat_legend_in_Ramayana_at_Virupaksha_temple,_Pattadakal_Hindu_monuments_Karnataka_2.jpg"
Madhubani art (https://en.wikipedia.org/wiki/Madhubani_art),https://commons.wikimedia.org/wiki/File:Colorful_Madhubani_painting.jpg
Hinduism (https://en.wikipedia.org/wiki/Hinduism),https://commons.wikimedia.org/wiki/File:Indian_Folk_Hindu_Religious_Images_(15).jpg
Jainism (https://en.wikipedia.org/wiki/Jainism),"https://commons.wikimedia.org/wiki/File:Ruins_of_Hindu,_Jain_and_Buddhist_monuments,_Malhar_Chhattisgarh_India_-_18.jpg"
Buddhism (https://en.wikipedia.org/wiki/Buddhism),"https://commons.wikimedia.org/wiki/File:'Buddha's_First_Sermon',_chlorite_statue_from_India,_Pala_dynasty,_11th_century,_Honolulu_Academy_of_Arts.JPG"
Sikhism (https://en.wikipedia.org/wiki/Sikhism),https://commons.wikimedia.org/wiki/File:Folk_sikh_singers_in_Punjab_01.jpg
Islam (https://en.wikipedia.org/wiki/Islam),https://commons.wikimedia.org/wiki/File:Islam_india_delhi.jpg